date,source,campaign,deal_stage,lifecycle_stage,region,contacts,new_contacts,marketing_qualified_leads,sales_qualified_leads,open_deals,deals_won,pipeline_value_usd,revenue_usd,marketing_spend_usd,email_open_rate,lead_to_customer_rate
2025-01-01,Organic Search,Q1 Demand Generation,Prospecting,Sales Qualified Lead,North America,220,35,12,5,12,1,21600,1500,650,0.2400,0.0286
2025-01-02,Paid Search,Q1 Demand Generation,Qualified,Opportunity,North America,257,46,17,8,19,1,42427,1637,733,0.2580,0.0217
2025-01-03,Paid Social,Q1 Demand Generation,Proposal Sent,Customer,North America,294,58,23,11,26,1,69316,1774,816,0.2760,0.0172
2025-01-04,Email,Q1 Demand Generation,Negotiation,Lead,North America,331,71,29,15,33,2,102267,3822,899,0.2940,0.0282
2025-01-05,Partner Referral,Q1 Demand Generation,Closed Won,Marketing Qualified Lead,United Kingdom,368,85,37,16,40,3,141280,6144,982,0.3120,0.0353
2025-01-06,Organic Search,Spring Product Launch,Prospecting,Sales Qualified Lead,United Kingdom,405,65,22,10,15,2,59475,4370,1065,0.3300,0.0308
2025-01-07,Paid Search,Spring Product Launch,Qualified,Opportunity,United Kingdom,442,79,29,14,22,1,96756,2322,1148,0.3480,0.0127
2025-01-08,Paid Social,Spring Product Launch,Negotiation,Customer,United Kingdom,479,94,37,19,29,2,140099,4918,1231,0.3660,0.0213
2025-01-09,Email,Spring Product Launch,Closed Won,Lead,Western Europe,236,51,21,9,36,1,74304,2596,1314,0.2400,0.0196
2025-01-10,Partner Referral,Spring Product Launch,Prospecting,Marketing Qualified Lead,Western Europe,273,63,28,13,43,2,107371,5466,1397,0.2580,0.0317
2025-01-11,Organic Search,Customer Webinar,Qualified,Sales Qualified Lead,Western Europe,310,50,17,8,18,1,52740,2870,1480,0.2760,0.0200
2025-01-12,Paid Search,Customer Webinar,Proposal Sent,Opportunity,Western Europe,347,62,23,12,25,2,84075,6014,1563,0.2940,0.0323
2025-01-13,Paid Social,Customer Webinar,Negotiation,Customer,Australia,384,75,29,12,32,1,121472,3144,1646,0.3120,0.0133
2025-01-14,Email,Customer Webinar,Closed Won,Lead,Australia,421,90,37,17,39,2,164931,6562,1729,0.3300,0.0222
2025-01-15,Partner Referral,Customer Webinar,Qualified,Marketing Qualified Lead,Australia,458,106,47,23,14,3,65268,10254,1812,0.3480,0.0283
2025-01-16,Organic Search,Partner Referral,Proposal Sent,Sales Qualified Lead,Australia,495,79,27,14,21,2,39795,7110,1895,0.3660,0.0253
2025-01-17,Paid Search,Partner Referral,Negotiation,Opportunity,North America,252,45,16,7,28,1,65184,3692,728,0.2400,0.0222
2025-01-18,Paid Social,Partner Referral,Closed Won,Customer,North America,289,57,22,10,35,2,96635,7658,811,0.2580,0.0351
2025-01-19,Email,Partner Referral,Prospecting,Lead,North America,326,70,29,14,42,1,134148,3966,894,0.2760,0.0143
2025-01-20,Partner Referral,Partner Referral,Qualified,Marketing Qualified Lead,North America,363,84,37,19,17,2,61659,3006,977,0.2940,0.0238
2025-01-21,Organic Search,Lifecycle Nurture,Proposal Sent,Sales Qualified Lead,United Kingdom,415,66,22,9,24,1,97440,1640,1060,0.3120,0.0152
2025-01-22,Paid Search,Lifecycle Nurture,Closed Won,Opportunity,United Kingdom,452,80,29,13,31,2,139283,3554,1143,0.3300,0.0250
2025-01-23,Paid Social,Lifecycle Nurture,Prospecting,Customer,United Kingdom,489,96,37,18,38,3,187188,5742,1226,0.3480,0.0313
2025-01-24,Email,Lifecycle Nurture,Qualified,Lead,United Kingdom,246,53,22,11,13,2,28067,4102,1309,0.3660,0.0377
2025-01-25,Partner Referral,Lifecycle Nurture,Proposal Sent,Marketing Qualified Lead,Western Europe,283,66,29,12,20,1,51840,2188,1392,0.2400,0.0152
2025-01-26,Organic Search,Q1 Demand Generation,Negotiation,Sales Qualified Lead,Western Europe,320,51,17,8,27,1,81675,2325,1475,0.2640,0.0196
2025-01-27,Paid Search,Q1 Demand Generation,Closed Won,Opportunity,Western Europe,357,64,23,11,34,1,117572,2462,1558,0.2820,0.0156
2025-01-28,Paid Social,Q1 Demand Generation,Prospecting,Customer,Western Europe,394,77,30,15,41,2,159531,5198,1641,0.3000,0.0260
2025-01-29,Email,Q1 Demand Generation,Proposal Sent,Lead,Australia,431,92,38,16,16,3,69184,8208,1724,0.3180,0.0326
2025-01-30,Partner Referral,Q1 Demand Generation,Negotiation,Marketing Qualified Lead,Australia,468,109,48,22,23,4,109411,11492,1807,0.3360,0.0367
2025-01-31,Organic Search,Spring Product Launch,Closed Won,Sales Qualified Lead,Australia,505,81,28,13,30,1,59700,3010,1890,0.3540,0.0123
2025-02-01,Paid Search,Spring Product Launch,Prospecting,Opportunity,Australia,262,47,17,9,37,1,89651,3147,723,0.3720,0.0213
2025-02-02,Paid Social,Spring Product Launch,Qualified,Customer,North America,299,59,23,10,12,1,34272,3284,806,0.2460,0.0169
2025-02-03,Email,Spring Product Launch,Proposal Sent,Lead,North America,336,72,30,13,19,2,62491,6842,889,0.2640,0.0278
2025-02-04,Partner Referral,Spring Product Launch,Negotiation,Marketing Qualified Lead,North America,373,87,38,18,26,3,96772,10674,972,0.2820,0.0345
2025-02-05,Organic Search,Customer Webinar,Prospecting,Sales Qualified Lead,North America,410,66,22,11,33,2,137115,7390,1055,0.3000,0.0303
2025-02-06,Paid Search,Customer Webinar,Qualified,Opportunity,United Kingdom,447,80,29,12,40,1,183520,3832,1138,0.3180,0.0125
2025-02-07,Paid Social,Customer Webinar,Proposal Sent,Customer,United Kingdom,484,95,37,17,15,2,27315,7938,1221,0.3360,0.0211
2025-02-08,Email,Customer Webinar,Negotiation,Lead,United Kingdom,241,52,22,11,22,1,49588,1506,1304,0.3540,0.0192
2025-02-09,Partner Referral,Customer Webinar,Closed Won,Marketing Qualified Lead,United Kingdom,278,64,28,14,29,2,77923,3286,1387,0.3720,0.0313
2025-02-10,Organic Search,Partner Referral,Prospecting,Sales Qualified Lead,Western Europe,330,53,18,8,36,1,112320,1780,1470,0.2460,0.0189
2025-02-11,Paid Search,Partner Referral,Qualified,Opportunity,Western Europe,367,65,24,11,43,2,152779,3834,1553,0.2640,0.0308
2025-02-12,Paid Social,Partner Referral,Negotiation,Customer,Western Europe,404,79,31,15,18,2,71748,4108,1636,0.2820,0.0253
2025-02-13,Email,Partner Referral,Closed Won,Lead,Western Europe,441,94,39,20,25,2,110475,4382,1719,0.3000,0.0213
2025-02-14,Partner Referral,Partner Referral,Prospecting,Marketing Qualified Lead,Australia,478,111,49,21,32,3,155264,6984,1802,0.3180,0.0270
2025-02-15,Organic Search,Lifecycle Nurture,Qualified,Sales Qualified Lead,Australia,515,82,28,13,39,2,81315,4930,1885,0.3360,0.0244
2025-02-16,Paid Search,Lifecycle Nurture,Proposal Sent,Opportunity,Australia,272,48,18,9,14,2,35252,5204,718,0.3540,0.0417
2025-02-17,Paid Social,Lifecycle Nurture,Negotiation,Customer,Australia,309,61,24,12,21,2,61971,5478,801,0.3720,0.0328
2025-02-18,Email,Lifecycle Nurture,Closed Won,Lead,North America,346,74,31,13,28,1,94752,2876,884,0.2460,0.0135
2025-02-19,Partner Referral,Lifecycle Nurture,Qualified,Marketing Qualified Lead,North America,383,89,39,18,35,2,133595,6026,967,0.2640,0.0225
2025-02-20,Organic Search,Q1 Demand Generation,Proposal Sent,Sales Qualified Lead,North America,420,67,23,11,42,1,178500,3150,1050,0.2880,0.0149
2025-02-21,Paid Search,Q1 Demand Generation,Negotiation,Opportunity,North America,457,81,30,15,17,2,79611,6574,1133,0.3060,0.0247
2025-02-22,Paid Social,Q1 Demand Generation,Closed Won,Customer,United Kingdom,494,97,38,16,24,3,45984,10272,1216,0.3240,0.0309
2025-02-23,Email,Q1 Demand Generation,Prospecting,Lead,United Kingdom,251,54,22,10,31,2,72819,7122,1299,0.3420,0.0370
2025-02-24,Partner Referral,Q1 Demand Generation,Qualified,Marketing Qualified Lead,United Kingdom,288,67,29,14,38,1,105716,3698,1382,0.3600,0.0149
2025-02-25,Organic Search,Spring Product Launch,Proposal Sent,Sales Qualified Lead,United Kingdom,325,52,18,9,13,1,41795,3835,1465,0.3780,0.0192
2025-02-26,Paid Search,Spring Product Launch,Closed Won,Opportunity,Western Europe,362,64,23,10,20,1,72960,3972,1548,0.2520,0.0156
2025-02-27,Paid Social,Spring Product Launch,Prospecting,Customer,Western Europe,399,78,30,13,27,2,110187,3018,1631,0.2700,0.0256
2025-02-28,Email,Spring Product Launch,Qualified,Lead,Western Europe,436,93,39,19,34,3,153476,4938,1714,0.2880,0.0323
2025-03-01,Partner Referral,Spring Product Launch,Proposal Sent,Marketing Qualified Lead,Western Europe,473,110,48,24,41,5,202827,8915,1797,0.3060,0.0455
2025-03-02,Organic Search,Customer Webinar,Negotiation,Sales Qualified Lead,Australia,525,84,29,12,16,1,34880,1920,1880,0.3240,0.0119
2025-03-03,Paid Search,Customer Webinar,Closed Won,Opportunity,Australia,282,50,18,8,23,1,60099,2057,713,0.3420,0.0200
2025-03-04,Paid Social,Customer Webinar,Prospecting,Customer,Australia,319,63,25,12,30,2,91380,4388,796,0.3600,0.0317
2025-03-05,Email,Customer Webinar,Proposal Sent,Lead,Australia,356,76,32,16,37,2,128723,4662,879,0.3780,0.0263
2025-03-06,Partner Referral,Customer Webinar,Negotiation,Marketing Qualified Lead,North America,393,91,40,17,12,3,46944,7404,962,0.2520,0.0330
2025-03-07,Organic Search,Partner Referral,Closed Won,Sales Qualified Lead,North America,430,69,23,10,19,2,82555,5210,1045,0.2700,0.0290
2025-03-08,Paid Search,Partner Referral,Prospecting,Opportunity,North America,467,83,30,14,26,1,124228,2742,1128,0.2880,0.0120
2025-03-09,Paid Social,Partner Referral,Qualified,Customer,North America,504,99,39,20,33,2,66363,5758,1211,0.3060,0.0202
2025-03-10,Email,Partner Referral,Proposal Sent,Lead,United Kingdom,541,116,48,20,40,3,97760,9048,1294,0.3240,0.0259
2025-03-11,Partner Referral,Partner Referral,Negotiation,Marketing Qualified Lead,United Kingdom,298,69,30,13,15,2,43155,6306,1377,0.3420,0.0290
2025-03-12,Organic Search,Lifecycle Nurture,Prospecting,Sales Qualified Lead,United Kingdom,335,54,18,9,22,2,72820,6580,1460,0.3600,0.0370
2025-03-13,Paid Search,Lifecycle Nurture,Qualified,Opportunity,United Kingdom,372,66,24,12,29,2,108547,6854,1543,0.3780,0.0303
2025-03-14,Paid Social,Lifecycle Nurture,Proposal Sent,Customer,Western Europe,409,80,31,13,36,1,150336,3564,1626,0.2520,0.0125
2025-03-15,Email,Lifecycle Nurture,Negotiation,Lead,Western Europe,446,95,39,18,43,2,198187,7402,1709,0.2700,0.0211
2025-03-16,Partner Referral,Lifecycle Nurture,Closed Won,Marketing Qualified Lead,Western Europe,483,112,49,24,18,3,33156,11514,1792,0.2880,0.0268
2025-03-17,Organic Search,Q1 Demand Generation,Prospecting,Sales Qualified Lead,Western Europe,520,83,28,14,25,2,56875,7950,1875,0.3120,0.0241
2025-03-18,Paid Search,Q1 Demand Generation,Qualified,Opportunity,Australia,277,49,18,8,32,1,86656,1512,708,0.3300,0.0204
2025-03-19,Paid Social,Q1 Demand Generation,Negotiation,Customer,Australia,314,62,24,11,39,2,122499,3298,791,0.3480,0.0323
2025-03-20,Email,Q1 Demand Generation,Closed Won,Lead,Australia,351,75,31,15,14,2,50036,3572,874,0.3660,0.0267
2025-03-21,Partner Referral,Q1 Demand Generation,Prospecting,Marketing Qualified Lead,Australia,388,90,40,20,21,2,84147,3846,957,0.3840,0.0222
2025-03-22,Organic Search,Spring Product Launch,Qualified,Sales Qualified Lead,North America,440,70,24,10,28,1,124320,2060,1040,0.2580,0.0143
2025-03-23,Paid Search,Spring Product Launch,Proposal Sent,Opportunity,North America,477,85,31,14,35,2,170555,4394,1123,0.2760,0.0235
2025-03-24,Paid Social,Spring Product Launch,Negotiation,Customer,North America,514,101,39,19,42,3,88452,7002,1206,0.2940,0.0297
2025-03-25,Email,Spring Product Launch,Closed Won,Lead,North America,551,118,49,25,17,5,43163,12355,1289,0.3120,0.0424
2025-03-26,Partner Referral,Spring Product Launch,Qualified,Marketing Qualified Lead,United Kingdom,308,71,31,13,24,1,71328,2608,1372,0.3300,0.0141
2025-03-27,Organic Search,Customer Webinar,Proposal Sent,Sales Qualified Lead,United Kingdom,345,55,19,9,31,1,105555,2745,1455,0.3480,0.0182
2025-03-28,Paid Search,Customer Webinar,Negotiation,Opportunity,United Kingdom,382,68,25,12,38,2,145844,5764,1538,0.3660,0.0294
2025-03-29,Paid Social,Customer Webinar,Closed Won,Customer,United Kingdom,419,82,32,16,13,2,55523,6038,1621,0.3840,0.0244
2025-03-30,Email,Customer Webinar,Prospecting,Lead,Western Europe,456,98,41,17,20,3,94080,9468,1704,0.2580,0.0306
2025-03-31,Partner Referral,Customer Webinar,Qualified,Marketing Qualified Lead,Western Europe,493,114,50,22,27,4,52299,13172,1787,0.2760,0.0351
2025-04-01,Organic Search,Partner Referral,Proposal Sent,Sales Qualified Lead,Western Europe,530,85,29,14,34,1,80580,3430,1870,0.2940,0.0118
2025-04-02,Paid Search,Partner Referral,Closed Won,Opportunity,Western Europe,287,51,19,10,41,1,114923,3567,703,0.3120,0.0196
2025-04-03,Paid Social,Partner Referral,Prospecting,Customer,Australia,324,64,25,11,16,1,51776,3704,786,0.3300,0.0156
2025-04-04,Email,Partner Referral,Qualified,Lead,Australia,361,77,32,14,23,2,84387,7682,869,0.3480,0.0260
2025-04-05,Partner Referral,Partner Referral,Proposal Sent,Marketing Qualified Lead,Australia,398,92,40,19,30,3,123060,11934,952,0.3660,0.0326
2025-04-06,Organic Search,Lifecycle Nurture,Negotiation,Sales Qualified Lead,Australia,435,70,24,12,37,2,167795,3030,1035,0.3840,0.0286
2025-04-07,Paid Search,Lifecycle Nurture,Closed Won,Opportunity,North America,472,84,31,13,12,1,59616,1652,1118,0.2580,0.0119
2025-04-08,Paid Social,Lifecycle Nurture,Prospecting,Customer,North America,509,100,39,18,19,2,41819,3578,1201,0.2760,0.0200
2025-04-09,Email,Lifecycle Nurture,Proposal Sent,Lead,North America,546,117,49,24,26,3,68484,5778,1284,0.2940,0.0256
2025-04-10,Partner Referral,Lifecycle Nurture,Negotiation,Marketing Qualified Lead,North America,303,70,31,16,33,2,101211,4126,1367,0.3120,0.0286
